{"loss": [0.3533463478088379, 0.2690165936946869, 0.25720563530921936, 0.26621729135513306, 0.259185254573822, 0.2593989372253418, 0.2535668611526489, 0.2620198726654053, 0.25872454047203064, 0.2557241916656494], "accuracy": [0.905700147151947, 0.9100804328918457, 0.9111469984054565, 0.9106602668762207, 0.9099776148796082, 0.9097071886062622, 0.9114267826080322, 0.9091235995292664, 0.9113411903381348, 0.910432755947113], "val_loss": [0.23736609518527985, 0.21994175016880035, 0.21693623065948486, 0.23076438903808594, 0.23372593522071838, 0.2283918857574463, 0.21042878925800323, 0.22018830478191376, 0.22748996317386627, 0.2422061711549759], "val_accuracy": [0.9284902215003967, 0.9279188513755798, 0.9296101331710815, 0.9265850782394409, 0.9272438287734985, 0.9276356101036072, 0.9322490692138672, 0.9267191290855408, 0.9280983805656433, 0.9254636168479919]}