{"loss": [0.29423534870147705, 0.2696508765220642, 0.26325902342796326, 0.26759183406829834, 0.267168253660202, 0.2605583667755127, 0.2618272602558136, 0.2572315037250519, 0.26592206954956055, 0.2597520351409912], "accuracy": [0.9094134569168091, 0.9089120030403137, 0.9112093448638916, 0.9098294377326965, 0.9095057845115662, 0.9109207987785339, 0.9105179905891418, 0.9112023115158081, 0.9080116152763367, 0.9101270437240601], "val_loss": [0.24211791157722473, 0.2218882292509079, 0.21525488793849945, 0.21919621527194977, 0.21114833652973175, 0.2111758440732956, 0.2048291563987732, 0.23006534576416016, 0.2167835831642151, 0.2146444469690323], "val_accuracy": [0.9324220418930054, 0.9304273128509521, 0.931868851184845, 0.9323238730430603, 0.9334744811058044, 0.9329552054405212, 0.9350717067718506, 0.9275742173194885, 0.9308194518089294, 0.9328969120979309]}